{"stats":{"minecraft:custom":{"minecraft:interact_with_furnace":25,"minecraft:mob_kills":39,"minecraft:interact_with_crafting_table":9,"minecraft:damage_dealt_resisted":12,"minecraft:leave_game":10,"minecraft:time_since_death":10884,"minecraft:sleep_in_bed":4,"minecraft:time_since_rest":10928,"minecraft:sprint_one_cm":64045,"minecraft:damage_taken":10001437,"minecraft:walk_one_cm":143668,"minecraft:damage_blocked_by_shield":1035,"minecraft:drop":19,"minecraft:damage_dealt":4961,"minecraft:player_kills":1,"minecraft:swim_one_cm":23581,"minecraft:fly_one_cm":69631,"minecraft:crouch_one_cm":13657,"minecraft:play_time":78527,"minecraft:deaths":2,"minecraft:sneak_time":4929,"minecraft:walk_under_water_one_cm":620,"minecraft:jump":728,"minecraft:walk_on_water_one_cm":7336,"minecraft:total_world_time":78527,"minecraft:fall_one_cm":17522},"minecraft:mined":{"undead_revamp2:arapholia":1,"minecraft:white_bed":3,"minecraft:crafting_table":6,"cctvcraft:aluminum_ore":138,"minecraft:torch":6,"gravestone:gravestone":1,"minecraft:grass_block":8,"minecraft:cobblestone":16,"minecraft:spawner":1,"minecraft:furnace":6,"minecraft:birch_log":13,"minecraft:iron_ore":18,"biomesoplenty:lavender":1,"minecraft:andesite":9,"minecraft:birch_leaves":1,"minecraft:grass":1,"minecraft:coal_ore":82,"minecraft:dirt":9,"minecraft:cobweb":12,"minecraft:stone":33,"minecraft:white_wool":1,"biomesoplenty:redwood_wood":1,"minecraft:oak_leaves":6},"minecraft:used":{"minecraft:cooked_mutton":5,"minecraft:stone_sword":58,"minecraft:stone_pickaxe":82,"minecraft:wooden_pickaxe":15,"minecraft:shield":22,"minecraft:iron_sword":34,"minecraft:white_wool":1,"minecraft:torch":78,"minecraft:dirt":14,"minecraft:crafting_table":6,"minecraft:white_bed":4,"minecraft:wooden_axe":8,"minecraft:iron_axe":18,"minecraft:birch_sapling":1,"minecraft:iron_pickaxe":217,"minecraft:stone_axe":5,"minecraft:cobblestone":138,"minecraft:furnace":8,"minecraft:andesite":2,"minecraft:egg":1,"minecraft:cooked_beef":9},"minecraft:dropped":{"minecraft:iron_ingot":6,"minecraft:stone_axe":1,"minecraft:leather":3,"minecraft:cooked_mutton":4,"minecraft:shield":1,"minecraft:wooden_axe":1,"gravestone:obituary":1,"minecraft:wooden_sword":1,"minecraft:spider_eye":3,"minecraft:wooden_pickaxe":1,"minecraft:stone_pickaxe":1},"minecraft:picked_up":{"minecraft:birch_log":13,"minecraft:crafting_table":6,"born_in_chaos_v1:monster_flesh":1,"minecraft:andesite":9,"minecraft:leather":3,"minecraft:gunpowder":2,"minecraft:dirt":16,"minecraft:string":16,"minecraft:bone":2,"minecraft:beef":11,"born_in_chaos_v1:gnawed_bones":1,"biomesoplenty:redwood_wood":1,"minecraft:birch_sapling":1,"cctvcraft:raw_aluminum":202,"minecraft:egg":1,"minecraft:furnace":6,"minecraft:stick":1,"minecraft:raw_iron":17,"minecraft:torch":6,"minecraft:porkchop":5,"minecraft:white_bed":3,"minecraft:spider_eye":3,"minecraft:gray_wool":1,"minecraft:black_wool":1,"minecraft:mutton":10,"undead_revamp2:arapholia":1,"minecraft:coal":197,"minecraft:white_wool":6,"minecraft:cobblestone":184},"minecraft:killed":{"minecraft:cave_spider":6,"minecraft:pig":3,"born_in_chaos_v1:maggot":1,"minecraft:skeleton":1,"minecraft:sheep":7,"undead_revamp2:thesomnolence":7,"minecraft:zombie":5,"born_in_chaos_v1:dread_hound":2,"endofherobrine:cow":1,"undead_revamp2:thespitter":1,"minecraft:cow":4},"minecraft:killed_by":{"bwrtherain:vapor":1},"minecraft:crafted":{"minecraft:cooked_beef":11,"minecraft:wooden_sword":1,"minecraft:crafting_table":1,"minecraft:wooden_pickaxe":1,"minecraft:iron_sword":1,"minecraft:furnace":2,"minecraft:birch_planks":52,"minecraft:stone_axe":1,"minecraft:air":0,"minecraft:cooked_mutton":9,"minecraft:shield":2,"minecraft:iron_axe":1,"minecraft:stick":44,"minecraft:iron_ingot":16,"minecraft:iron_pickaxe":1,"minecraft:stone_pickaxe":1,"minecraft:wooden_axe":1,"minecraft:stone_sword":1,"minecraft:white_bed":1,"minecraft:torch":104}},"DataVersion":3465}