{"stats":{"minecraft:custom":{"minecraft:interact_with_furnace":11,"minecraft:mob_kills":22,"minecraft:interact_with_crafting_table":12,"minecraft:damage_dealt_resisted":56,"minecraft:leave_game":7,"minecraft:time_since_death":5793,"minecraft:sleep_in_bed":1,"minecraft:time_since_rest":5824,"minecraft:sprint_one_cm":87410,"minecraft:damage_taken":2585,"minecraft:walk_one_cm":99938,"minecraft:drop":16,"minecraft:damage_dealt":3234,"minecraft:swim_one_cm":6051,"minecraft:fly_one_cm":118947,"minecraft:crouch_one_cm":11909,"minecraft:play_time":73731,"minecraft:sneak_time":4259,"minecraft:deaths":8,"minecraft:walk_under_water_one_cm":198,"minecraft:jump":869,"minecraft:walk_on_water_one_cm":1241,"minecraft:total_world_time":73731,"minecraft:fall_one_cm":20798},"minecraft:mined":{"minecraft:white_bed":2,"minecraft:crafting_table":3,"minecraft:cornflower":8,"gravestone:gravestone":8,"biomesoplenty:bush":8,"minecraft:grass_block":16,"minecraft:tall_grass":14,"minecraft:cobblestone":1,"minecraft:sugar_cane":2,"minecraft:birch_planks":5,"biomesoplenty:tall_lavender":3,"minecraft:furnace":1,"minecraft:birch_log":7,"biomesoplenty:lavender":13,"minecraft:birch_leaves":3,"minecraft:grass":50,"minecraft:oak_log":19,"minecraft:coal_ore":1,"biomesoplenty:redwood_log":35,"biomesoplenty:redwood_leaves":14,"minecraft:dirt":51,"minecraft:stone":41,"biomesoplenty:redwood_wood":53,"minecraft:oak_leaves":30,"minecraft:fern":15,"minecraft:podzol":4},"minecraft:broken":{"minecraft:stone_axe":1},"minecraft:dropped":{"minecraft:wheat_seeds":5,"biomesoplenty:redwood_sapling":1,"biomesoplenty:lavender":7,"minecraft:wooden_axe":1,"minecraft:oak_sapling":2,"gravestone:obituary":6,"minecraft:wooden_pickaxe":1,"biomesoplenty:tall_lavender":2},"minecraft:used":{"minecraft:cooked_mutton":7,"minecraft:stone_sword":55,"minecraft:birch_planks":5,"minecraft:stone_pickaxe":33,"minecraft:wooden_pickaxe":34,"minecraft:birch_boat":1,"minecraft:torch":4,"minecraft:dirt":63,"minecraft:crafting_table":5,"minecraft:white_bed":2,"biomesoplenty:redwood_log":20,"minecraft:wooden_axe":1,"biomesoplenty:redwood_wood":18,"minecraft:stone_axe":128,"minecraft:cobblestone":1,"minecraft:furnace":2,"minecraft:oak_sapling":1,"minecraft:porkchop":1,"minecraft:bone_meal":1},"minecraft:picked_up":{"biomesoplenty:redwood_log":35,"biomesoplenty:lavender":7,"minecraft:birch_log":7,"minecraft:crafting_table":3,"minecraft:leather":3,"minecraft:birch_planks":5,"minecraft:oak_log":19,"gravestone:obituary":1,"minecraft:shield":1,"minecraft:dirt":67,"minecraft:cornflower":8,"minecraft:cooked_mutton":4,"biomesoplenty:tall_lavender":2,"minecraft:bone":2,"minecraft:wheat_seeds":13,"minecraft:iron_ingot":6,"minecraft:beef":10,"biomesoplenty:redwood_wood":52,"minecraft:sugar_cane":6,"minecraft:furnace":1,"minecraft:stick":2,"minecraft:birch_boat":1,"minecraft:porkchop":18,"minecraft:white_bed":2,"minecraft:arrow":2,"minecraft:bone_meal":1,"born_in_chaos_v1:spiny_shell":4,"biomesoplenty:redwood_sapling":1,"born_in_chaos_v1:rotten_fish":2,"minecraft:oak_sapling":3,"minecraft:mutton":8,"minecraft:coal":1,"minecraft:white_wool":4,"minecraft:cobblestone":42},"minecraft:killed":{"minecraft:pig":10,"born_in_chaos_v1:baby_skeleton":1,"born_in_chaos_v1:thornshell_crab":1,"minecraft:sheep":4,"endofherobrine:pigman":2,"minecraft:cow":4},"minecraft:killed_by":{"man:managgresive":1,"minecraft:player":1,"antlers:wendigo":5,"endofherobrine:pigman":1},"minecraft:crafted":{"minecraft:oak_planks":20,"minecraft:crafting_table":2,"biomesoplenty:redwood_planks":136,"minecraft:birch_boat":1,"minecraft:wooden_pickaxe":2,"minecraft:furnace":1,"minecraft:birch_planks":28,"minecraft:stone_axe":1,"minecraft:cooked_mutton":8,"minecraft:air":0,"minecraft:charcoal":4,"minecraft:stick":16,"minecraft:stone_pickaxe":1,"minecraft:wooden_axe":1,"minecraft:stone_sword":1,"minecraft:white_bed":1,"minecraft:torch":12}},"DataVersion":3465}